Workbook

Sheet CotProveedor
C1: USD | D1: Divisa Cotizacion | F1: MN
C2: MN | D2: MN to USD | E2: =+E4-1 -> 17.8928 | L2: T. E. S. P. V.
D3: USD to MN | E3: =+E4+1 -> 19.8928
D4: DOF | E4: 18.8928
A5: Catalog # | B5: Description | C5: Qty | D5: Unit Price Prov | E5: Divisa Proveedor | F5: Unit Price Dasic | G5: Unit Pricer DOF | H5: Discount | I5: Unit Price Dasic Discount | J5: Gain | K5: Unit Price Customer | L5: T. Entrega | M5: MARCA | N5: Discount Customer | O5: Proveedor1 | P5: Prveedor2
A6: 440N-G02045 | B6: INTERRUPTOR DE SEGURIDAD ACTUADO MAGNETICO 110 VCA | C6: 6 | D6: 218.01 | E6: USD | F6: {=_xlfn.SWITCH($F$1,"USD",(_xlfn.SWITCH(E6,"USD",(D6),"MN",(D6/$E$2))),"MN",(_xlfn.SWITCH(E6,"MN",(D6),"USD",(D6*$E$3))))} -> 4336.8293 | G6: {=_xlfn.SWITCH($F$1,"USD",(_xlfn.SWITCH(E6,"USD",(D6),"MN",(D6/$E$4))),"MN",(_xlfn.SWITCH(E6,"MN",(D6),"USD",(D6*$E$4))))} -> 4118.8193 | H6: 0 | I6: =+G6*(1-H6) -> 4118.8193 | J6: 0.15 | K6: =+F6*(1+J6) -> 4987.3537 | L6: 50-55 Días Habiles | M6: Balluf. | N6: 0.04
A7: LC1D09R7 | B7: CONTACTOR 440V 9A | C7: 10 | D7: 500.34 | E7: MN | F7: {=_xlfn.SWITCH($F$1,"USD",(_xlfn.SWITCH(E7,"USD",(D7),"MN",(D7/$E$2))),"MN",(_xlfn.SWITCH(E7,"MN",(D7),"USD",(D7*$E$3))))} -> 500.34 | G7: {=_xlfn.SWITCH($F$1,"USD",(_xlfn.SWITCH(E7,"USD",(D7),"MN",(D7/$E$4))),"MN",(_xlfn.SWITCH(E7,"MN",(D7),"USD",(D7*$E$4))))} -> 500.34 | H7: 0 | I7: =+G7*(1-H7) -> 500.34 | J7: 0.15 | K7: =+F7*(1+J7) -> 575.391 | L7: 8-10 Días Habiles | M7: Balluf. | N7: 0.03
A8: CT6S-2P4 | B8: COUNTER / TIMER 100-240 VAC | C8: 6 | D8: 1851.92 | E8: MN | F8: {=_xlfn.SWITCH($F$1,"USD",(_xlfn.SWITCH(E8,"USD",(D8),"MN",(D8/$E$2))),"MN",(_xlfn.SWITCH(E8,"MN",(D8),"USD",(D8*$E$3))))} -> 1851.92 | G8: {=_xlfn.SWITCH($F$1,"USD",(_xlfn.SWITCH(E8,"USD",(D8),"MN",(D8/$E$4))),"MN",(_xlfn.SWITCH(E8,"MN",(D8),"USD",(D8*$E$4))))} -> 1851.92 | H8: 0 | I8: =+G8*(1-H8) -> 1851.92 | J8: 0.15 | K8: =+F8*(1+J8) -> 2129.708 | L8: 8-10 Días Habiles
A9: SFNB 8TX | B9: SWITCH PARA TABLERO FL SWITCH SFNB 8TX ! | C9: 2 | D9: 2417.59 | E9: MN | F9: {=_xlfn.SWITCH($F$1,"USD",(_xlfn.SWITCH(E9,"USD",(D9),"MN",(D9/$E$2))),"MN",(_xlfn.SWITCH(E9,"MN",(D9),"USD",(D9*$E$3))))} -> 2417.59 | G9: {=_xlfn.SWITCH($F$1,"USD",(_xlfn.SWITCH(E9,"USD",(D9),"MN",(D9/$E$4))),"MN",(_xlfn.SWITCH(E9,"MN",(D9),"USD",(D9*$E$4))))} -> 2417.59 | H9: 0 | I9: =+G9*(1-H9) -> 2417.59 | J9: 0.15 | K9: =+F9*(1+J9) -> 2780.2285 | L9: 3-5 Días Habiles
A10: 150-C85NBD | B10: ARRANCADOR SUAVE 85A 480V 3PH 150-C85NBD | C10: 2 | D10: 2149.69 | E10: USD | F10: {=_xlfn.SWITCH($F$1,"USD",(_xlfn.SWITCH(E10,"USD",(D10),"MN",(D10/$E$2))),"MN",(_xlfn.SWITCH(E10,"MN",(D10),"USD",(D10*$E$3))))} -> 42763.353 | G10: {=_xlfn.SWITCH($F$1,"USD",(_xlfn.SWITCH(E10,"USD",(D10),"MN",(D10/$E$4))),"MN",(_xlfn.SWITCH(E10,"MN",(D10),"USD",(D10*$E$4))))} -> 40613.663 | H10: 0 | I10: =+G10*(1-H10) -> 40613.663 | J10: 0.15 | K10: =+F10*(1+J10) -> 49177.856 | L10: 3-5 Días Habiles
A11: 3RP2505-1BT20 | B11: TIMER 3RP2505-1BT20 | C11: 4 | D11: 2713.73 | E11: MN | F11: {=_xlfn.SWITCH($F$1,"USD",(_xlfn.SWITCH(E11,"USD",(D11),"MN",(D11/$E$2))),"MN",(_xlfn.SWITCH(E11,"MN",(D11),"USD",(D11*$E$3))))} -> 2713.73 | G11: {=_xlfn.SWITCH($F$1,"USD",(_xlfn.SWITCH(E11,"USD",(D11),"MN",(D11/$E$4))),"MN",(_xlfn.SWITCH(E11,"MN",(D11),"USD",(D11*$E$4))))} -> 2713.73 | H11: 0 | I11: =+G11*(1-H11) -> 2713.73 | J11: 0.15 | K11: =+F11*(1+J11) -> 3120.7895 | L11: 3-5 Días Habiles
A12: 3RU2116-4BJ0 | B12: RELEVADOR DE SOBR. 3RU2116-4BJ0 7-10A | C12: 5 | D12: 846.67 | E12: MN | F12: {=_xlfn.SWITCH($F$1,"USD",(_xlfn.SWITCH(E12,"USD",(D12),"MN",(D12/$E$2))),"MN",(_xlfn.SWITCH(E12,"MN",(D12),"USD",(D12*$E$3))))} -> 846.67 | G12: {=_xlfn.SWITCH($F$1,"USD",(_xlfn.SWITCH(E12,"USD",(D12),"MN",(D12/$E$4))),"MN",(_xlfn.SWITCH(E12,"MN",(D12),"USD",(D12*$E$4))))} -> 846.67 | H12: 0 | I12: =+G12*(1-H12) -> 846.67 | J12: 0.15 | K12: =+F12*(1+J12) -> 973.6705 | L12: 3-5 Días Habiles
E13: MN | F13: {=_xlfn.SWITCH($F$1,"USD",(_xlfn.SWITCH(E13,"USD",(D13),"MN",(D13/$E$2))),"MN",(_xlfn.SWITCH(E13,"MN",(D13),"USD",(D13*$E$3))))} -> 0 | G13: {=_xlfn.SWITCH($F$1,"USD",(_xlfn.SWITCH(E13,"USD",(D13),"MN",(D13/$E$4))),"MN",(_xlfn.SWITCH(E13,"MN",(D13),"USD",(D13*$E$4))))} -> 0 | H13: 0 | I13: =+G13*(1-H13) -> 0 | K13: =+F13*(1+J13) -> 0
E14: MN | F14: {=_xlfn.SWITCH($F$1,"USD",(_xlfn.SWITCH(E14,"USD",(D14),"MN",(D14/$E$2))),"MN",(_xlfn.SWITCH(E14,"MN",(D14),"USD",(D14*$E$3))))} -> 0 | G14: {=_xlfn.SWITCH($F$1,"USD",(_xlfn.SWITCH(E14,"USD",(D14),"MN",(D14/$E$4))),"MN",(_xlfn.SWITCH(E14,"MN",(D14),"USD",(D14*$E$4))))} -> 0 | H14: 0 | I14: =+G14*(1-H14) -> 0 | K14: =+F14*(1+J14) -> 0
E15: MN | F15: {=_xlfn.SWITCH($F$1,"USD",(_xlfn.SWITCH(E15,"USD",(D15),"MN",(D15/$E$2))),"MN",(_xlfn.SWITCH(E15,"MN",(D15),"USD",(D15*$E$3))))} -> 0 | G15: {=_xlfn.SWITCH($F$1,"USD",(_xlfn.SWITCH(E15,"USD",(D15),"MN",(D15/$E$4))),"MN",(_xlfn.SWITCH(E15,"MN",(D15),"USD",(D15*$E$4))))} -> 0 | H15: 0 | I15: =+G15*(1-H15) -> 0 | K15: =+F15*(1+J15) -> 0
E16: MN | F16: {=_xlfn.SWITCH($F$1,"USD",(_xlfn.SWITCH(E16,"USD",(D16),"MN",(D16/$E$2))),"MN",(_xlfn.SWITCH(E16,"MN",(D16),"USD",(D16*$E$3))))} -> 0 | G16: {=_xlfn.SWITCH($F$1,"USD",(_xlfn.SWITCH(E16,"USD",(D16),"MN",(D16/$E$4))),"MN",(_xlfn.SWITCH(E16,"MN",(D16),"USD",(D16*$E$4))))} -> 0 | H16: 0 | I16: =+G16*(1-H16) -> 0 | K16: =+F16*(1+J16) -> 0
E17: MN | F17: {=_xlfn.SWITCH($F$1,"USD",(_xlfn.SWITCH(E17,"USD",(D17),"MN",(D17/$E$2))),"MN",(_xlfn.SWITCH(E17,"MN",(D17),"USD",(D17*$E$3))))} -> 0 | G17: {=_xlfn.SWITCH($F$1,"USD",(_xlfn.SWITCH(E17,"USD",(D17),"MN",(D17/$E$4))),"MN",(_xlfn.SWITCH(E17,"MN",(D17),"USD",(D17*$E$4))))} -> 0 | H17: 0 | I17: =+G17*(1-H17) -> 0 | K17: =+F17*(1+J17) -> 0
E18: MN | F18: {=_xlfn.SWITCH($F$1,"USD",(_xlfn.SWITCH(E18,"USD",(D18),"MN",(D18/$E$2))),"MN",(_xlfn.SWITCH(E18,"MN",(D18),"USD",(D18*$E$3))))} -> 0 | G18: {=_xlfn.SWITCH($F$1,"USD",(_xlfn.SWITCH(E18,"USD",(D18),"MN",(D18/$E$4))),"MN",(_xlfn.SWITCH(E18,"MN",(D18),"USD",(D18*$E$4))))} -> 0 | H18: 0 | I18: =+G18*(1-H18) -> 0 | K18: =+F18*(1+J18) -> 0
E19: MN | F19: {=_xlfn.SWITCH($F$1,"USD",(_xlfn.SWITCH(E19,"USD",(D19),"MN",(D19/$E$2))),"MN",(_xlfn.SWITCH(E19,"MN",(D19),"USD",(D19*$E$3))))} -> 0 | G19: {=_xlfn.SWITCH($F$1,"USD",(_xlfn.SWITCH(E19,"USD",(D19),"MN",(D19/$E$4))),"MN",(_xlfn.SWITCH(E19,"MN",(D19),"USD",(D19*$E$4))))} -> 0 | H19: 0 | I19: =+G19*(1-H19) -> 0 | K19: =+F19*(1+J19) -> 0
E20: MN | F20: {=_xlfn.SWITCH($F$1,"USD",(_xlfn.SWITCH(E20,"USD",(D20),"MN",(D20/$E$2))),"MN",(_xlfn.SWITCH(E20,"MN",(D20),"USD",(D20*$E$3))))} -> 0 | G20: {=_xlfn.SWITCH($F$1,"USD",(_xlfn.SWITCH(E20,"USD",(D20),"MN",(D20/$E$4))),"MN",(_xlfn.SWITCH(E20,"MN",(D20),"USD",(D20*$E$4))))} -> 0 | H20: 0 | I20: =+G20*(1-H20) -> 0 | K20: =+F20*(1+J20) -> 0
E21: MN | F21: {=_xlfn.SWITCH($F$1,"USD",(_xlfn.SWITCH(E21,"USD",(D21),"MN",(D21/$E$2))),"MN",(_xlfn.SWITCH(E21,"MN",(D21),"USD",(D21*$E$3))))} -> 0 | G21: {=_xlfn.SWITCH($F$1,"USD",(_xlfn.SWITCH(E21,"USD",(D21),"MN",(D21/$E$4))),"MN",(_xlfn.SWITCH(E21,"MN",(D21),"USD",(D21*$E$4))))} -> 0 | H21: 0 | I21: =+G21*(1-H21) -> 0 | K21: =+F21*(1+J21) -> 0
E22: MN | F22: {=_xlfn.SWITCH($F$1,"USD",(_xlfn.SWITCH(E22,"USD",(D22),"MN",(D22/$E$2))),"MN",(_xlfn.SWITCH(E22,"MN",(D22),"USD",(D22*$E$3))))} -> 0 | G22: {=_xlfn.SWITCH($F$1,"USD",(_xlfn.SWITCH(E22,"USD",(D22),"MN",(D22/$E$4))),"MN",(_xlfn.SWITCH(E22,"MN",(D22),"USD",(D22*$E$4))))} -> 0 | H22: 0 | I22: =+G22*(1-H22) -> 0 | K22: =+F22*(1+J22) -> 0
E23: MN | F23: {=_xlfn.SWITCH($F$1,"USD",(_xlfn.SWITCH(E23,"USD",(D23),"MN",(D23/$E$2))),"MN",(_xlfn.SWITCH(E23,"MN",(D23),"USD",(D23*$E$3))))} -> 0 | G23: {=_xlfn.SWITCH($F$1,"USD",(_xlfn.SWITCH(E23,"USD",(D23),"MN",(D23/$E$4))),"MN",(_xlfn.SWITCH(E23,"MN",(D23),"USD",(D23*$E$4))))} -> 0 | H23: 0 | I23: =+G23*(1-H23) -> 0 | K23: =+F23*(1+J23) -> 0
E24: MN | F24: {=_xlfn.SWITCH($F$1,"USD",(_xlfn.SWITCH(E24,"USD",(D24),"MN",(D24/$E$2))),"MN",(_xlfn.SWITCH(E24,"MN",(D24),"USD",(D24*$E$3))))} -> 0 | G24: {=_xlfn.SWITCH($F$1,"USD",(_xlfn.SWITCH(E24,"USD",(D24),"MN",(D24/$E$4))),"MN",(_xlfn.SWITCH(E24,"MN",(D24),"USD",(D24*$E$4))))} -> 0 | H24: 0 | I24: =+G24*(1-H24) -> 0 | K24: =+F24*(1+J24) -> 0
... E82: MN | F82: {=_xlfn.SWITCH($F$1,"USD",(_xlfn.SWITCH(E82,"USD",(D82),"MN",(D82/$E$2))),"MN",(_xlfn.SWITCH(E82,"MN",(D82),"USD",(D82*$E$3))))} -> 0 | G82: {=_xlfn.SWITCH($F$1,"USD",(_xlfn.SWITCH(E82,"USD",(D82),"MN",(D82/$E$4))),"MN",(_xlfn.SWITCH(E82,"MN",(D82),"USD",(D82*$E$4))))} -> 0 | H82: 0 | I82: =+G82*(1-H82) -> 0 | K82: =+F82*(1+J82) -> 0
E83: MN | F83: {=_xlfn.SWITCH($F$1,"USD",(_xlfn.SWITCH(E83,"USD",(D83),"MN",(D83/$E$2))),"MN",(_xlfn.SWITCH(E83,"MN",(D83),"USD",(D83*$E$3))))} -> 0 | G83: {=_xlfn.SWITCH($F$1,"USD",(_xlfn.SWITCH(E83,"USD",(D83),"MN",(D83/$E$4))),"MN",(_xlfn.SWITCH(E83,"MN",(D83),"USD",(D83*$E$4))))} -> 0 | H83: 0 | I83: =+G83*(1-H83) -> 0 | K83: =+F83*(1+J83) -> 0 | L83: 3 Días
E84: MN | F84: {=_xlfn.SWITCH($F$1,"USD",(_xlfn.SWITCH(E84,"USD",(D84),"MN",(D84/$E$2))),"MN",(_xlfn.SWITCH(E84,"MN",(D84),"USD",(D84*$E$3))))} -> 0 | G84: {=_xlfn.SWITCH($F$1,"USD",(_xlfn.SWITCH(E84,"USD",(D84),"MN",(D84/$E$4))),"MN",(_xlfn.SWITCH(E84,"MN",(D84),"USD",(D84*$E$4))))} -> 0 | H84: 0 | I84: =+G84*(1-H84) -> 0 | K84: =+F84*(1+J84) -> 0 | L84: 2 Semanas
E85: MN | F85: {=_xlfn.SWITCH($F$1,"USD",(_xlfn.SWITCH(E85,"USD",(D85),"MN",(D85/$E$2))),"MN",(_xlfn.SWITCH(E85,"MN",(D85),"USD",(D85*$E$3))))} -> 0 | G85: {=_xlfn.SWITCH($F$1,"USD",(_xlfn.SWITCH(E85,"USD",(D85),"MN",(D85/$E$4))),"MN",(_xlfn.SWITCH(E85,"MN",(D85),"USD",(D85*$E$4))))} -> 0 | H85: 0 | I85: =+G85*(1-H85) -> 0 | K85: =+F85*(1+J85) -> 0
E86: MN | F86: {=_xlfn.SWITCH($F$1,"USD",(_xlfn.SWITCH(E86,"USD",(D86),"MN",(D86/$E$2))),"MN",(_xlfn.SWITCH(E86,"MN",(D86),"USD",(D86*$E$3))))} -> 0 | G86: {=_xlfn.SWITCH($F$1,"USD",(_xlfn.SWITCH(E86,"USD",(D86),"MN",(D86/$E$4))),"MN",(_xlfn.SWITCH(E86,"MN",(D86),"USD",(D86*$E$4))))} -> 0 | H86: 0 | I86: =+G86*(1-H86) -> 0 | K86: =+F86*(1+J86) -> 0
E87: MN | F87: {=_xlfn.SWITCH($F$1,"USD",(_xlfn.SWITCH(E87,"USD",(D87),"MN",(D87/$E$2))),"MN",(_xlfn.SWITCH(E87,"MN",(D87),"USD",(D87*$E$3))))} -> 0 | G87: {=_xlfn.SWITCH($F$1,"USD",(_xlfn.SWITCH(E87,"USD",(D87),"MN",(D87/$E$4))),"MN",(_xlfn.SWITCH(E87,"MN",(D87),"USD",(D87*$E$4))))} -> 0 | H87: 0 | I87: =+G87*(1-H87) -> 0 | K87: =+F87*(1+J87) -> 0
E88: MN | F88: {=_xlfn.SWITCH($F$1,"USD",(_xlfn.SWITCH(E88,"USD",(D88),"MN",(D88/$E$2))),"MN",(_xlfn.SWITCH(E88,"MN",(D88),"USD",(D88*$E$3))))} -> 0 | G88: {=_xlfn.SWITCH($F$1,"USD",(_xlfn.SWITCH(E88,"USD",(D88),"MN",(D88/$E$4))),"MN",(_xlfn.SWITCH(E88,"MN",(D88),"USD",(D88*$E$4))))} -> 0 | H88: 0 | I88: =+G88*(1-H88) -> 0 | K88: =+F88*(1+J88) -> 0
E89: MN | F89: {=_xlfn.SWITCH($F$1,"USD",(_xlfn.SWITCH(E89,"USD",(D89),"MN",(D89/$E$2))),"MN",(_xlfn.SWITCH(E89,"MN",(D89),"USD",(D89*$E$3))))} -> 0 | G89: {=_xlfn.SWITCH($F$1,"USD",(_xlfn.SWITCH(E89,"USD",(D89),"MN",(D89/$E$4))),"MN",(_xlfn.SWITCH(E89,"MN",(D89),"USD",(D89*$E$4))))} -> 0 | H89: 0 | I89: =+G89*(1-H89) -> 0 | K89: =+F89*(1+J89) -> 0
E90: MN | F90: {=_xlfn.SWITCH($F$1,"USD",(_xlfn.SWITCH(E90,"USD",(D90),"MN",(D90/$E$2))),"MN",(_xlfn.SWITCH(E90,"MN",(D90),"USD",(D90*$E$3))))} -> 0 | G90: {=_xlfn.SWITCH($F$1,"USD",(_xlfn.SWITCH(E90,"USD",(D90),"MN",(D90/$E$4))),"MN",(_xlfn.SWITCH(E90,"MN",(D90),"USD",(D90*$E$4))))} -> 0 | H90: 0 | I90: =+G90*(1-H90) -> 0 | K90: =+F90*(1+J90) -> 0
E91: MN | F91: {=_xlfn.SWITCH($F$1,"USD",(_xlfn.SWITCH(E91,"USD",(D91),"MN",(D91/$E$2))),"MN",(_xlfn.SWITCH(E91,"MN",(D91),"USD",(D91*$E$3))))} -> 0 | G91: {=_xlfn.SWITCH($F$1,"USD",(_xlfn.SWITCH(E91,"USD",(D91),"MN",(D91/$E$4))),"MN",(_xlfn.SWITCH(E91,"MN",(D91),"USD",(D91*$E$4))))} -> 0 | H91: 0 | I91: =+G91*(1-H91) -> 0 | K91: =+F91*(1+J91) -> 0
E92: MN | F92: {=_xlfn.SWITCH($F$1,"USD",(_xlfn.SWITCH(E92,"USD",(D92),"MN",(D92/$E$2))),"MN",(_xlfn.SWITCH(E92,"MN",(D92),"USD",(D92*$E$3))))} -> 0 | G92: {=_xlfn.SWITCH($F$1,"USD",(_xlfn.SWITCH(E92,"USD",(D92),"MN",(D92/$E$4))),"MN",(_xlfn.SWITCH(E92,"MN",(D92),"USD",(D92*$E$4))))} -> 0 | H92: 0 | I92: =+G92*(1-H92) -> 0 | K92: =+F92*(1+J92) -> 0
E93: MN | F93: {=_xlfn.SWITCH($F$1,"USD",(_xlfn.SWITCH(E93,"USD",(D93),"MN",(D93/$E$2))),"MN",(_xlfn.SWITCH(E93,"MN",(D93),"USD",(D93*$E$3))))} -> 0 | G93: {=_xlfn.SWITCH($F$1,"USD",(_xlfn.SWITCH(E93,"USD",(D93),"MN",(D93/$E$4))),"MN",(_xlfn.SWITCH(E93,"MN",(D93),"USD",(D93*$E$4))))} -> 0 | H93: 0 | I93: =+G93*(1-H93) -> 0 | K93: =+F93*(1+J93) -> 0
E94: MN | F94: {=_xlfn.SWITCH($F$1,"USD",(_xlfn.SWITCH(E94,"USD",(D94),"MN",(D94/$E$2))),"MN",(_xlfn.SWITCH(E94,"MN",(D94),"USD",(D94*$E$3))))} -> 0 | G94: {=_xlfn.SWITCH($F$1,"USD",(_xlfn.SWITCH(E94,"USD",(D94),"MN",(D94/$E$4))),"MN",(_xlfn.SWITCH(E94,"MN",(D94),"USD",(D94*$E$4))))} -> 0 | H94: 0 | I94: =+G94*(1-H94) -> 0 | K94: =+F94*(1+J94) -> 0
E95: MN | F95: {=_xlfn.SWITCH($F$1,"USD",(_xlfn.SWITCH(E95,"USD",(D95),"MN",(D95/$E$2))),"MN",(_xlfn.SWITCH(E95,"MN",(D95),"USD",(D95*$E$3))))} -> 0 | G95: {=_xlfn.SWITCH($F$1,"USD",(_xlfn.SWITCH(E95,"USD",(D95),"MN",(D95/$E$4))),"MN",(_xlfn.SWITCH(E95,"MN",(D95),"USD",(D95*$E$4))))} -> 0 | H95: 0 | I95: =+G95*(1-H95) -> 0 | K95: =+F95*(1+J95) -> 0
E96: MN | F96: {=_xlfn.SWITCH($F$1,"USD",(_xlfn.SWITCH(E96,"USD",(D96),"MN",(D96/$E$2))),"MN",(_xlfn.SWITCH(E96,"MN",(D96),"USD",(D96*$E$3))))} -> 0 | G96: {=_xlfn.SWITCH($F$1,"USD",(_xlfn.SWITCH(E96,"USD",(D96),"MN",(D96/$E$4))),"MN",(_xlfn.SWITCH(E96,"MN",(D96),"USD",(D96*$E$4))))} -> 0 | H96: 0 | I96: =+G96*(1-H96) -> 0 | K96: =+F96*(1+J96) -> 0
... E111: MN | F111: {=_xlfn.SWITCH($F$1,"USD",(_xlfn.SWITCH(E111,"USD",(D111),"MN",(D111/$E$2))),"MN",(_xlfn.SWITCH(E111,"MN",(D111),"USD",(D111*$E$3))))} -> 0 | G111: {=_xlfn.SWITCH($F$1,"USD",(_xlfn.SWITCH(E111,"USD",(D111),"MN",(D111/$E$4))),"MN",(_xlfn.SWITCH(E111,"MN",(D111),"USD",(D111*$E$4))))} -> 0 | H111: 6 | I111: =+G111*(1-H111) -> 0 | K111: =+F111*(1+J111) -> 0

Sheet Cot
A1: Item | B1: Catalog # | C1: Description | D1: Qty | E1: Unit Price Customer | F1: SubTotal
A2: 1 | B2: =+CotProveedor!A6 -> 440N-G02045 | C2: =CONCATENATE(CotProveedor!B6," ",CHAR(47)," ",CotProveedor!$L$2, " ",CotProveedor!L6) -> INTERRUPTOR DE SEGURIDAD ACTUADO MAGNETICO 110 VCA / T. E. S. P. V. 50-55 Días Habiles | D2: =+CotProveedor!C6 -> 6 | E2: =CotProveedor!K6 -> 4987.3537 | F2: =D2*E2 -> 29924.122
A3: 2 | B3: =+CotProveedor!A7 -> LC1D09R7 | C3: =CONCATENATE(CotProveedor!B7," ",CHAR(47)," ",CotProveedor!$L$2, " ",CotProveedor!L7) -> CONTACTOR 440V 9A / T. E. S. P. V. 8-10 Días Habiles | D3: =+CotProveedor!C7 -> 10 | E3: =CotProveedor!K7 -> 575.391 | F3: =D3*E3 -> 5753.91
A4: 3 | B4: =+CotProveedor!A8 -> CT6S-2P4 | C4: =CONCATENATE(CotProveedor!B8," ",CHAR(47)," ",CotProveedor!$L$2, " ",CotProveedor!L8) -> COUNTER / TIMER 100-240 VAC / T. E. S. P. V. 8-10 Días Habiles | D4: =+CotProveedor!C8 -> 6 | E4: =CotProveedor!K8 -> 2129.708 | F4: =D4*E4 -> 12778.248
A5: 4 | B5: =+CotProveedor!A9 -> SFNB 8TX | C5: =CONCATENATE(CotProveedor!B9," ",CHAR(47)," ",CotProveedor!$L$2, " ",CotProveedor!L9) -> SWITCH PARA TABLERO FL SWITCH SFNB 8TX ! / T. E. S. P. V. 3-5 Días Habiles | D5: =+CotProveedor!C9 -> 2 | E5: =CotProveedor!K9 -> 2780.2285 | F5: =D5*E5 -> 5560.457
A6: 5 | B6: =+CotProveedor!A10 -> 150-C85NBD | C6: =CONCATENATE(CotProveedor!B10," ",CHAR(47)," ",CotProveedor!$L$2, " ",CotProveedor!L10) -> ARRANCADOR SUAVE 85A 480V 3PH 150-C85NBD / T. E. S. P. V. 3-5 Días Habiles | D6: =+CotProveedor!C10 -> 2 | E6: =CotProveedor!K10 -> 49177.856 | F6: =D6*E6 -> 98355.712
A7: 6 | B7: =+CotProveedor!A11 -> 3RP2505-1BT20 | C7: =CONCATENATE(CotProveedor!B11," ",CHAR(47)," ",CotProveedor!$L$2, " ",CotProveedor!L11) -> TIMER 3RP2505-1BT20 / T. E. S. P. V. 3-5 Días Habiles | D7: =+CotProveedor!C11 -> 4 | E7: =CotProveedor!K11 -> 3120.7895 | F7: =D7*E7 -> 12483.158
A8: 7 | B8: =+CotProveedor!A12 -> 3RU2116-4BJ0 | C8: =CONCATENATE(CotProveedor!B12," ",CHAR(47)," ",CotProveedor!$L$2, " ",CotProveedor!L12) -> RELEVADOR DE SOBR. 3RU2116-4BJ0 7-10A / T. E. S. P. V. 3-5 Días Habiles | D8: =+CotProveedor!C12 -> 5 | E8: =CotProveedor!K12 -> 973.6705 | F8: =D8*E8 -> 4868.3525
E9: SubTotal(MN) | F9: =SUM(F2:F8) -> 169723.96
D10: =+CotProveedor!C14 -> 0
A11: 10 | B11: =+CotProveedor!A15 -> 0 | C11: =CONCATENATE(CotProveedor!B15," ",CHAR(47)," ",CotProveedor!$L$2, " ",CotProveedor!L15) -> / T. E. S. P. V. | D11: =+CotProveedor!C15 -> 0 | E11: =CotProveedor!K15 -> 0 | F11: =D11*E11 -> 0
A12: 11 | B12: =+CotProveedor!A16 -> 0 | C12: =CONCATENATE(CotProveedor!B16," ",CHAR(47)," ",CotProveedor!$L$2, " ",CotProveedor!L16) -> / T. E. S. P. V. | D12: =+CotProveedor!C16 -> 0 | E12: =CotProveedor!K16 -> 0 | F12: =D12*E12 -> 0
A13: 12 | B13: =+CotProveedor!A17 -> 0 | C13: =CONCATENATE(CotProveedor!B17," ",CHAR(47)," ",CotProveedor!$L$2, " ",CotProveedor!L17) -> / T. E. S. P. V. | D13: =+CotProveedor!C17 -> 0 | E13: =CotProveedor!K17 -> 0 | F13: =D13*E13 -> 0
A14: 13 | B14: =+CotProveedor!A18 -> 0 | C14: =CONCATENATE(CotProveedor!B18," ",CHAR(47)," ",CotProveedor!$L$2, " ",CotProveedor!L18) -> / T. E. S. P. V. | D14: =+CotProveedor!C18 -> 0 | E14: =CotProveedor!K18 -> 0 | F14: =D14*E14 -> 0
A15: 14 | B15: =+CotProveedor!A19 -> 0 | C15: =CONCATENATE(CotProveedor!B19," ",CHAR(47)," ",CotProveedor!$L$2, " ",CotProveedor!L19) -> / T. E. S. P. V. | D15: =+CotProveedor!C19 -> 0 | E15: =CotProveedor!K19 -> 0 | F15: =D15*E15 -> 0
A16: 15 | B16: =+CotProveedor!A20 -> 0 | C16: =CONCATENATE(CotProveedor!B20," ",CHAR(47)," ",CotProveedor!$L$2, " ",CotProveedor!L20) -> / T. E. S. P. V. | D16: =+CotProveedor!C20 -> 0 | E16: =CotProveedor!K20 -> 0 | F16: =D16*E16 -> 0
A17: 16 | B17: =+CotProveedor!A21 -> 0 | C17: =CONCATENATE(CotProveedor!B21," ",CHAR(47)," ",CotProveedor!$L$2, " ",CotProveedor!L21) -> / T. E. S. P. V. | D17: =+CotProveedor!C21 -> 0 | E17: =CotProveedor!K21 -> 0 | F17: =D17*E17 -> 0
A18: 17 | B18: =+CotProveedor!A22 -> 0 | C18: =CONCATENATE(CotProveedor!B22," ",CHAR(47)," ",CotProveedor!$L$2, " ",CotProveedor!L22) -> / T. E. S. P. V. | D18: =+CotProveedor!C22 -> 0 | E18: =CotProveedor!K22 -> 0 | F18: =D18*E18 -> 0
A19: 18 | B19: =+CotProveedor!A23 -> 0 | C19: =CONCATENATE(CotProveedor!B23," ",CHAR(47)," ",CotProveedor!$L$2, " ",CotProveedor!L23) -> / T. E. S. P. V. | D19: =+CotProveedor!C23 -> 0 | E19: =CotProveedor!K23 -> 0 | F19: =D19*E19 -> 0
A20: 19 | B20: =+CotProveedor!A24 -> 0 | C20: =CONCATENATE(CotProveedor!B24," ",CHAR(47)," ",CotProveedor!$L$2, " ",CotProveedor!L24) -> / T. E. S. P. V. | D20: =+CotProveedor!C24 -> 0 | E20: =CotProveedor!K24 -> 0 | F20: =D20*E20 -> 0
A21: 20 | B21: =+CotProveedor!A25 -> 0 | C21: =CONCATENATE(CotProveedor!B25," ",CHAR(47)," ",CotProveedor!$L$2, " ",CotProveedor!L25) -> / T. E. S. P. V. | D21: =+CotProveedor!C25 -> 0 | E21: =CotProveedor!K25 -> 0 | F21: =D21*E21 -> 0
A22: 21 | B22: =+CotProveedor!A26 -> 0 | C22: =CONCATENATE(CotProveedor!B26," ",CHAR(47)," ",CotProveedor!$L$2, " ",CotProveedor!L26) -> / T. E. S. P. V. | D22: =+CotProveedor!C26 -> 0 | E22: =CotProveedor!K26 -> 0 | F22: =D22*E22 -> 0
... A110: 109 | B110: =+CotProveedor!A114 -> 0 | C110: =CONCATENATE(CotProveedor!B114," ",CHAR(47)," ",CotProveedor!$L$2, " ",CotProveedor!L114) -> / T. E. S. P. V. | D110: =+CotProveedor!C114 -> 0 | E110: =CotProveedor!K114 -> 0 | F110: =D110*E110 -> 0

Sheet OC
A1: Item | B1: Catalog # | C1: Description | D1: Qty | E1: Unit Price Customer | F1: SubTotal
A2: 1 | B2: =+CotProveedor!A6 -> 440N-G02045 | C2: =CotProveedor!B6 -> INTERRUPTOR DE SEGURIDAD ACTUADO MAGNETICO 110 VCA | D2: =+CotProveedor!C6 -> 6
A3: 2 | B3: =+CotProveedor!A7 -> LC1D09R7 | C3: =CotProveedor!B7 -> CONTACTOR 440V 9A | D3: =+CotProveedor!C7 -> 10 | E3: =+CotProveedor!I7 -> 500.34 | F3: =D3*E3 -> 5003.4
A4: 3 | B4: =+CotProveedor!A8 -> CT6S-2P4 | C4: =CotProveedor!B8 -> COUNTER / TIMER 100-240 VAC | D4: =+CotProveedor!C8 -> 6 | E4: =+CotProveedor!I8 -> 1851.92 | F4: =D4*E4 -> 11111.52
A5: 4 | B5: =+CotProveedor!A9 -> SFNB 8TX | C5: =CotProveedor!B9 -> SWITCH PARA TABLERO FL SWITCH SFNB 8TX ! | D5: =+CotProveedor!C9 -> 2 | E5: =+CotProveedor!I9 -> 2417.59 | F5: =D5*E5 -> 4835.18
A6: 5 | B6: =+CotProveedor!A10 -> 150-C85NBD | C6: =CotProveedor!B10 -> ARRANCADOR SUAVE 85A 480V 3PH 150-C85NBD | D6: =+CotProveedor!C10 -> 2 | E6: =+CotProveedor!I10 -> 40613.663 | F6: =D6*E6 -> 81227.326
A7: 6 | B7: =+CotProveedor!A11 -> 3RP2505-1BT20 | C7: =CotProveedor!B11 -> TIMER 3RP2505-1BT20 | D7: =+CotProveedor!#REF! -> #REF! | E7: =+CotProveedor!I11 -> 2713.73 | F7: =D7*E7 -> #REF!
A8: 7 | B8: =+CotProveedor!A12 -> 3RU2116-4BJ0 | C8: =CotProveedor!B12 -> RELEVADOR DE SOBR. 3RU2116-4BJ0 7-10A | D8: =+CotProveedor!C11 -> 4 | E8: =+CotProveedor!I12 -> 846.67 | F8: =D8*E8 -> 3386.68
A9: 8 | B9: =+CotProveedor!A13 -> 0 | C9: =CotProveedor!B13 -> 0 | D9: =+CotProveedor!C13 -> 0 | E9: =+CotProveedor!I13 -> 0 | F9: =D9*E9 -> 0
A10: 9 | B10: =+CotProveedor!A14 -> 0 | C10: =CotProveedor!B14 -> 0 | D10: =+CotProveedor!C14 -> 0 | E10: =+CotProveedor!I14 -> 0 | F10: =D10*E10 -> 0
A11: 10 | B11: =+CotProveedor!A15 -> 0 | C11: =CotProveedor!B15 -> 0 | D11: =+CotProveedor!C15 -> 0 | E11: =+CotProveedor!I15 -> 0 | F11: =D11*E11 -> 0
A12: 11 | B12: =+CotProveedor!A16 -> 0 | C12: =CotProveedor!B16 -> 0 | D12: =+CotProveedor!C16 -> 0 | E12: =+CotProveedor!I16 -> 0 | F12: =D12*E12 -> 0
A13: 12 | B13: =+CotProveedor!A17 -> 0 | C13: =CotProveedor!B17 -> 0 | D13: =+CotProveedor!C17 -> 0 | E13: =+CotProveedor!I17 -> 0 | F13: =D13*E13 -> 0
A14: 13 | B14: =+CotProveedor!A18 -> 0 | C14: =CotProveedor!B18 -> 0 | D14: =+CotProveedor!C18 -> 0 | E14: =+CotProveedor!I18 -> 0 | F14: =D14*E14 -> 0
A15: 14 | B15: =+CotProveedor!A19 -> 0 | C15: =CotProveedor!B19 -> 0 | D15: =+CotProveedor!C19 -> 0 | E15: =+CotProveedor!I19 -> 0 | F15: =D15*E15 -> 0
A16: 15 | B16: =+CotProveedor!A20 -> 0 | C16: =CotProveedor!B20 -> 0 | D16: =+CotProveedor!C20 -> 0 | E16: =+CotProveedor!I20 -> 0 | F16: =D16*E16 -> 0
A17: 16 | B17: =+CotProveedor!A21 -> 0 | C17: =CotProveedor!B21 -> 0 | D17: =+CotProveedor!C21 -> 0 | E17: =+CotProveedor!I21 -> 0 | F17: =D17*E17 -> 0
A18: 17 | B18: =+CotProveedor!A22 -> 0 | C18: =CotProveedor!B22 -> 0 | D18: =+CotProveedor!C22 -> 0 | E18: =+CotProveedor!I22 -> 0 | F18: =D18*E18 -> 0
A19: 18 | B19: =+CotProveedor!A23 -> 0 | C19: =CotProveedor!B23 -> 0 | D19: =+CotProveedor!C23 -> 0 | E19: =+CotProveedor!I23 -> 0 | F19: =D19*E19 -> 0
A20: 19 | B20: =+CotProveedor!A24 -> 0 | C20: =CotProveedor!B24 -> 0 | D20: =+CotProveedor!C24 -> 0 | E20: =+CotProveedor!I24 -> 0 | F20: =D20*E20 -> 0
... A111: 110 | B111: =+CotProveedor!A115 -> 0 | C111: =CotProveedor!B115 -> 0 | D111: =+CotProveedor!C115 -> 0 | E111: =+CotProveedor!I115 -> 0 | F111: =D111*E111 -> 0
